20230618185434,1,Angel Rose,Kl 54 908,2023-06-19,20:54,22:54
20230618201537,1,Angel Rose,kl 23 23,2023-06-09,20:16,22:15
20230624162306,6,minna,kl2356,2023-06-24,17:30,17:50
20230624163554,2,minna,kl5623,2023-06-24,18:40,18:50
20230624181414,4,minna,kl5678,2023-06-24,20:10,20:30
20230624184751,1,achu,kl1289,2023-06-24,19:00,19:50
20230624185017,4,chandu,kl8945,2023-06-24,19:05,19:53
20230627083143,1,vinu,kl5343,2023-06-28,00:00,00:30
20230627085131,5,minna,kl5623,2023-06-27,13:05,13:30
20230731195416,1,riya,kl5623,2023-11-28,20:54,22:54
20230731200551,1,riya,kl5623,2023-08-17,09:00,11:05
20230731201144,1,riya,kl23457,2023-08-10,20:11,22:13
20230731201456,1,riya,kl5623,2023-08-29,11:14,00:14
